[
    {
        "last_name": "cano",
        "first_name": "emma",
        "birth_date": "26/06/2001",
        "player_id": "987456321",
        "ranking": "2",
        "score_tournament": "5"
    },
    {
        "last_name": "cano",
        "first_name": "franck",
        "birth_date": "23/05/1971",
        "player_id": "123456789",
        "ranking": "1",
        "score_tournament": "10"
    },
    {
        "last_name": "magalie",
        "first_name": "magalie",
        "birth_date": "12/01/1990",
        "player_id": "9999999",
        "ranking": "3",
        "score_tournament": "3"
    },
    {
        "last_name": "mamadou",
        "first_name": "mamadou",
        "birth_date": "12/05/1980",
        "player_id": "456312314",
        "ranking": "0",
        "score_tournament": "0"
    }
]